variant,docs,sp_tokens,custom_tokens,token_delta_sp_minus_custom,ratio_custom_over_sp,custom_fallback_tokens,custom_fallback_share,docs_custom_beats_sp,docs_sp_beats_custom,docs_tied,biggest_sp_win_delta,biggest_sp_win_doc_id,biggest_custom_win_delta,biggest_custom_win_doc_id
vocab_best_sp_shaped_swap100.jsonl,50000,61971846,62266875,-295029,1.0047606940738865,1141527,0.01833281339395947,13434,33593,2973,2504,38634,963,9452
vocab_best_sp_shaped_swap25.jsonl,50000,61971846,62343473,-371627,1.0059967069562523,5442211,0.08729399788170288,12570,35200,2230,2689,38634,599,9452
vocab_best_sp_shaped_swap150.jsonl,50000,61971846,62404119,-432273,1.006975312628254,1040448,0.016672745592322197,9049,38266,2685,2526,38634,834,9452
vocab_best_sp_shaped_swap50.jsonl,50000,61971846,62432749,-460903,1.0074372966072367,2193685,0.03513676772425959,10668,37194,2138,2697,38634,560,9452
vocab_best_sp_shaped_swap75.jsonl,50000,61971846,62460427,-488581,1.0078839187717596,1222933,0.0195793250020529,9454,38296,2250,2586,38634,586,9452
